{"cameraMode":{"drawMode":0,"name":"Shaded","section":"Shading Mode"},"sceneLighting":false,"audioPlay":false,"sceneViewState":{"showFog":true,"showMaterialUpdate":false,"showSkybox":false,"showFlares":true,"showImageEffects":true,"showParticleSystems":true},"in2DMode":false,"pivot":{"x":0.22614583373069764,"y":1.2655240297317505,"z":0.4076133370399475},"rotation":{"x":0.12941904366016389,"y":-0.7897025346755981,"z":0.17850974202156068,"w":0.572531521320343},"size":4.081874370574951,"orthographic":false}